subj,sex.s,age.s,ethn,wc,wps,qmarks,unique,dic,sixltr,pronou,i,we,self,you,other,negate,assent,articl,preps,number,affect,posemo,posfee,optim,negemo,anx,anger,sad,cogmec,cause,insigh,discre,inhib,tentat,certai,senses,see,hear,feel,socialw,comm,othref,friend,family,humans,time,past,presen,future,space,up,down,incl,excl,motion,occup,school,job,achiev,leisur,home,sports,telev,music,money,metaph,relig,death,physca,body,sexual,eating,sleep,groom,swear,nonfl,filler,ext.s,agr.s,con.s,ems.s,ope.s,zext.j,zagr.j,zcon.j,zems.j,zope.j
7,1,18,1,2950,9.7,17.76,22.54,82.58,9.29,17.05,8.03,.98,9.02,2.61,2,2.31,2.1,4.75,10.14,1.59,3.69,1.73,.31,.24,1.97,.03,1.29,.17,7.08,1.25,1.66,1.97,.37,2.37,.88,3.05,.68,1.63,.54,8.71,1.9,5.69,.14,.07,.54,4,4.88,13.22,1.39,2.95,1.53,.34,5.56,4.37,2.27,1.53,.71,.34,.54,.98,.41,.14,.03,.41,.44,.24,.2,.03,1.53,.47,.61,.34,.07,.14,1.19,.68,3.29,3.625,3.66666666666667,3,4.125,3.6,1.36640671272899,.118204533049824,1.06645841767687,.82502825106027,1.9297537923474
9,1,18,1,1941,6.76,13.59,26.53,80.83,8.24,16.13,4.53,2.37,6.9,2.22,2.83,3.35,2.47,5.05,8.55,1.44,4.74,2.83,.21,.1,1.91,.15,1.55,0,8.19,.67,2.63,2.83,.15,2.83,.88,2.83,1.13,1.24,.15,10.61,1.39,7.99,.1,0,.93,2.63,4.07,15.77,1.39,2.99,1.44,.21,3.61,4.43,1.85,.93,.46,.15,.41,1.18,.62,.05,.41,.1,.1,.21,.1,.1,1.85,.36,.82,.41,.15,.26,1.29,1.96,2.37,3.875,3.33333333333333,2.22222222222222,2.625,4.2,.947640212138597,.402791523658385,-1.51780580231562,1.39256493664753,.126995079995658
10,1,20,5,2282,7.56,21.52,24.8,81.38,8.02,14.64,5.21,1.05,6.27,3.24,2.67,2.59,3.46,4.16,9.11,1.75,3.42,1.62,.04,.18,1.8,.18,1.27,.09,7.67,1.53,1.75,2.19,.26,1.97,1.1,1.88,.39,1.1,.26,9.99,1.45,7.06,.04,.09,1.01,3.24,3.72,11.96,.79,3.07,1.4,.22,5.48,4.03,1.62,1.49,.44,.57,.79,.74,.22,.22,.04,.26,.48,.22,.09,.13,1.88,1.23,.53,.09,.26,0,1.14,1.1,4.03,4,4.55555555555556,2.33333333333333,3.25,4.2,1.02297168497056,.808370778927777,.874459332370926,1.54524755761364,.834477736280351
11,1,20,1,1250,16.45,21.05,31.36,84.24,8.88,15.36,8.32,.56,8.88,2,1.36,1.76,1.68,3.76,10.88,1.92,4.64,1.36,.08,.32,3.28,0,2.88,.08,6.96,.8,1.6,2.64,.16,2.88,1.12,1.52,.56,.88,.08,6.72,1.04,4.16,0,.08,1.28,5.2,3.84,14.48,1.36,2.48,1.44,.32,4.48,5.04,1.36,3.2,1.44,1.12,1.44,.48,.48,0,0,0,.56,.24,.24,0,2.4,.08,1.76,.4,.32,0,2.96,.8,2,3.5,3.22222222222222,2.11111111111111,2.375,4,-.452926609606286,-1.05909401433359,-1.46032332879432,-.144241392594023,-.700668356265226
12,1,19,1,763,7.27,19.05,33.94,88.99,7.08,18.35,8.52,.52,9.04,4.06,3.41,4.06,1.05,4.72,8.65,4.85,3.54,1.7,.13,.79,1.83,0,1.05,.26,5.9,.52,.92,2.23,.39,2.23,1.57,4.33,.52,3.54,.13,13.63,4.19,8.13,0,.39,.92,3.01,7.21,13.5,.66,3.28,.92,.13,6.03,2.75,1.7,2.88,1.31,.79,1.18,.13,.13,0,0,0,1.05,0,0,0,1.31,.66,.66,.13,0,.13,1.57,.26,2.36,2.5,3.55555555555556,3.22222222222222,2.625,3.2,-1.02283032591934,-1.91807066797423,-2.36534598143923,-.184578132832086,-2.31989941083332
13,1,19,1,1681,5.7,13.56,27.42,84,7.14,18.44,7.32,1.19,8.51,3.33,3.03,2.8,2.38,3.39,9.4,3.99,3.45,2.08,.18,.54,1.37,0,1.07,0,6.13,.77,1.43,2.32,.06,2.74,1.13,1.9,.65,1.19,.06,10.23,1.43,7.79,.06,.24,.48,4.16,4.58,14.75,.89,3.45,1.67,.65,4.64,3.51,2.97,1.49,.24,.54,.77,.65,.24,.3,0,.12,.54,.42,.24,.18,1.78,.77,.89,.18,.06,.3,1.07,.95,1.01,3.125,4.77777777777778,3.66666666666667,4.125,3.2,.544653382862453,-1.13928293586833,-.8206868869217,.714129396371141,-1.08926013689974
14,1,19,2,1468,5.73,22.66,30.79,79.43,9.26,17.85,6.4,.95,7.36,3.47,3.41,1.84,2.45,3.68,8.92,1.23,5.04,2.79,.14,.54,2.25,.27,1.63,.14,8.65,1.16,3,1.7,.41,4.02,1.23,4.5,1.57,2.66,.27,13.01,3,7.97,.14,.07,1.7,3.88,5.65,13.49,1.09,2.79,1.63,.14,3,3.41,1.84,1.02,.48,.34,.41,1.5,.41,.07,.41,.61,.14,.07,.07,0,1.43,.68,.61,.14,.07,.34,1.57,.14,.48,3,3.44444444444444,2.44444444444444,2,4,.601536328367894,.650352922460568,-1.15056927942149,1.38331088399637,.771765377188033
15,1,18,1,1169,8.99,18.46,32.85,83.92,7.36,14.88,4.96,.77,5.73,4.19,1.8,2.74,2.48,5.3,6.93,1.03,5.99,2.82,.43,.09,3.17,.09,1.88,0,8.04,.86,2.14,3.08,.51,3.17,1.11,3.08,.94,.43,.43,8.81,.6,7.01,.09,0,.86,3.76,4.45,15.65,.86,3.17,1.28,.26,3.42,6.42,1.54,2.14,.77,.6,.94,.26,0,.09,0,.17,.6,.6,.51,.09,2.82,.51,.68,1.63,.09,0,2.22,0,3.59,1.25,3.55555555555556,2.77777777777778,1.625,2.5,.275495319468885,-.26060100171097,-1.87652381938257,1.37500937469343,-.420393880887921
23,1,21,1,910,9.1,41,30.11,85.71,7.91,17.14,5.93,.99,6.92,5.05,2.2,3.52,1.87,3.41,9.45,1.87,2.75,1.54,0,.33,1.21,.33,1.32,0,9.01,1.43,1.65,2.31,.66,2.64,.55,1.21,.33,.44,.11,9.78,.77,8.24,0,.11,.66,3.19,4.4,16.7,.77,3.52,1.32,.66,5.82,5.16,2.09,1.87,.66,.77,.66,1.87,.88,.77,.11,.11,.77,.44,.44,0,1.1,.22,.55,.55,0,0,.88,.44,1.32,4.125,3,2.88888888888889,4,3.9,.577751681602816,-1.72932072217978,-.962839812073533,.500243050891743,-.51802341180312
24,1,18,4,161,6.19,15.38,58.39,88.82,9.94,21.12,9.94,.62,10.56,5.59,2.48,2.48,6.83,1.86,9.32,0,3.73,2.48,.62,0,1.24,0,0,0,7.45,2.48,2.48,2.48,0,1.24,.62,1.86,1.24,.62,0,11.18,1.86,8.7,0,.62,0,2.48,4.35,19.25,0,4.35,1.86,0,5.59,3.73,1.86,1.86,1.86,0,0,2.48,1.24,.62,0,.62,0,0,0,0,.62,0,.62,0,0,0,0,0,3.11,2.375,4.77777777777778,3.33333333333333,2.75,3.8,-1.97156177970914,.382508204059869,1.02710028486886,-.654681428527477,-.0244934557249106
28,1,20,1,753,53.79,7.14,39.04,79.15,12.35,14.08,4.12,.4,4.52,3.45,1.99,2.12,1.06,4.91,9.96,2.26,1.73,1.33,0,.27,.4,.13,.13,0,7.44,1.59,2.39,1.86,.27,3.72,1.33,1.73,.4,1.06,.27,8.1,1.33,6.11,0,0,.4,2.79,2.66,13.28,1.46,2.92,.93,.13,5.58,3.59,1.2,.53,0,.4,.13,.93,.27,0,.66,.13,.93,0,0,0,.53,.53,0,0,0,0,0,.53,3.45,1.25,3.55555555555556,3.11111111111111,3.25,3.5,-.452205182483014,1.52850756043046,1.49162344377289,1.08571732995682,2.46025240686354
29,1,19,4,1189,6.95,14.04,32.72,81.83,9.42,17.41,7.06,.5,7.57,3.87,3.11,2.19,1.18,4.79,8.41,1.93,3.7,2.27,.34,.67,1.43,.34,.25,.42,8.07,1.93,2.86,1.85,.17,2.78,1.09,2.69,1.01,1.26,.25,10.18,1.6,7.49,.08,.42,.67,4.37,4.54,14.89,.93,2.35,.84,.08,4.04,5.3,1.51,2.44,1.51,.25,.5,1.85,.84,0,.17,.84,0,.25,.25,0,.5,.17,.17,.17,0,0,.17,1.01,2.27,3.75,4.77777777777778,3.66666666666667,3.75,4,-.335929965123099,-.264855315227694,1.04190740096556,.14207406401248,.200119016191726
30,1,19,4,288,8,22.22,47.92,75,12.85,14.58,2.08,0,2.08,9.03,.35,1.39,1.04,5.21,6.6,2.08,1.04,1.04,0,.35,0,0,0,0,10.76,2.78,1.39,2.08,0,2.78,.69,2.08,.35,1.74,0,12.5,1.39,9.72,0,0,.69,4.17,3.82,13.89,.35,1.74,.69,0,5.21,3.47,1.04,2.08,1.04,.69,.69,0,0,0,0,0,0,0,0,0,0,0,0,0,0,0,0,2.43,1.04,3.625,3.88888888888889,4.55555555555556,4.25,4.5,-2.62539564959908,-.135553641276035,1.06875671541362,-.460985943431297,-.475380249026059
31,1,19,1,942,17.77,52.83,37.69,84.61,9.55,15.71,6.48,.85,7.32,3.72,2.44,3.08,2.55,4.35,8.81,1.7,6.05,2.44,.53,.11,3.5,.21,2.55,.11,8.07,.85,1.8,2.65,.85,2.02,1.06,2.97,.64,1.38,.42,10.51,1.8,7.32,.32,0,.96,4.46,3.72,14.12,1.17,2.12,1.38,.11,3.5,3.82,1.7,1.17,.42,.21,.53,1.17,.11,.32,0,.74,.11,.53,.32,.21,2.76,.85,1.17,.42,.53,0,2.23,1.06,4.03,1.625,2.77777777777778,4.22222222222222,3.5,4.4,1.30641549442574,-.704331027855629,-.0340336565916458,.647022095377192,.522219451270289
41,1,18,4,1256,5.44,16.02,30.65,82.96,8.36,17.91,6.53,1.19,7.72,3.82,3.66,2.87,1.35,3.42,10.19,1.91,3.58,2.63,.56,.4,.96,.24,.32,0,6.61,1.67,1.91,1.19,.16,2.23,1.04,2.71,.8,1.59,.24,13.85,1.99,8.76,.08,.32,2.47,5.02,4.7,16.64,.64,2.63,1.83,.24,3.98,2.87,3.03,1.51,.56,.4,.72,.8,.56,0,0,.24,.56,.48,.48,0,.96,.32,.08,.16,.56,0,.32,.48,2.87,4.75,4.44444444444444,3.66666666666667,4.25,4.1,.313085893982786,1.42029713575479,.460809433326791,.617219795129551,.608058947544785
45,1,18,4,458,114.5,0,49.34,81.88,8.95,15.28,4.59,1.31,5.9,3.93,2.84,3.28,3.93,5.46,9.17,1.75,4.15,2.18,0,.44,1.97,.22,1.09,0,6.33,1.09,.66,1.97,.44,1.31,1.09,2.62,1.09,1.31,.22,10.7,1.31,8.08,.44,0,.66,3.49,5.02,14.19,.22,3.49,1.31,.22,3.28,4.8,1.97,1.31,.44,.87,.66,1.53,.66,0,.87,0,1.09,.66,.44,.22,2.18,1.09,.66,0,.44,.22,1.09,.87,2.18,3.75,3.11111111111111,2.55555555555556,3.5,3.3,-1.25734954434376,-.611196809211754,-1.23640801055061,-.0382197384746136,-1.31411768477332
47,1,18,4,472,3.69,13.28,45.97,81.57,5.72,16.74,6.36,1.48,7.84,2.97,2.33,2.54,2.54,5.51,6.36,2.33,4.87,2.97,.42,0,1.91,.85,.85,.21,8.47,.64,2.33,2.54,.64,1.27,1.27,3.39,1.69,1.27,.42,11.44,1.69,6.78,.21,0,2.54,4.45,4.66,14.41,.64,3.6,1.06,.42,4.45,3.81,1.91,1.91,.85,.21,.85,.64,0,.42,.21,0,.64,.21,.21,0,.64,.64,0,.21,0,0,.21,.64,1.27,2.625,3.33333333333333,3.11111111111111,3.125,2.9,-1.19302070234571,-.224795217615725,-1.15875630459252,.777761462588343,-.791207620973107
50,1,18,4,1186,4.78,22.18,33.64,81.96,7.5,17.54,6.66,1.1,7.76,3.88,2.7,4.13,2.19,3.12,8.52,1.18,4.81,2.53,.51,.59,2.28,.17,1.69,.17,7.84,1.01,2.53,2.11,.25,2.78,.93,2.28,1.35,.76,.08,9.78,.76,7.67,.08,0,.93,3.71,3.96,18.97,.84,3.79,2.02,.17,3.88,5.31,2.02,1.94,.67,.76,.84,1.43,.42,.84,.08,.08,.84,.84,.59,.25,1.18,.34,.08,.34,.42,0,1.6,.17,.67,4.125,3,2.33333333333333,3.625,4.3,.26515944582257,-.864926645754971,-.980241931059403,.359018139096122,1.21447176595188
52,1,18,1,1436,6.84,18.57,30.08,81.82,8.22,16.09,5.85,1.39,7.24,2.99,3.62,2.72,1.32,5.08,8.98,1.67,6.06,2.3,.63,.49,3.76,.07,3.13,.07,4.11,.7,.84,1.53,.35,1.53,1.04,2.72,.84,1.53,.07,12.33,1.74,8.08,.28,.77,1.04,3.76,5.01,13.44,.35,3.69,1.46,.7,3.83,4.25,2.23,1.04,.35,.28,.49,1.67,.56,.42,.42,.35,.7,.21,.14,.07,3.97,.49,2.09,1.32,.21,.14,3.13,.7,2.23,4.125,4.33333333333333,3.55555555555556,4.625,3.4,1.04701750691276,-3.37018948711305,-2.14960944521899,.801023865128981,-1.4309804912622
57,1,19,2,1970,7.76,10.24,27.92,78.48,8.38,17.41,5.23,2.03,7.26,5.08,2.54,2.74,1.62,4.11,9.24,1.57,4.26,2.54,.71,.51,1.73,.2,1.17,.05,7.36,1.12,1.93,2.18,.3,2.64,.96,1.78,.61,.71,.25,11.68,1.17,9.8,.15,0,.25,2.74,4.92,15.53,.61,4.31,2.23,.41,4.62,4.87,1.73,1.68,.61,.25,.81,.91,.36,.36,.25,.05,.61,.3,.05,.25,1.42,.36,.56,.41,.1,.1,1.07,.56,1.17,4.125,4.22222222222222,4.22222222222222,4.25,4.4,1.10407157911385,-.987300775640269,-.421546168381279,.903640360571613,-.476807722234108
59,1,18,5,1577,10.17,25.16,26.95,85.61,9,17.88,6.66,.63,7.29,3.8,3.3,3.42,4.88,3.8,8.37,1.65,5.77,3.74,.32,.25,2.03,0,.95,.25,7.48,1.59,1.4,2.22,.19,1.4,1.4,2.28,.7,1.4,.06,11.48,1.71,7.86,.44,.25,.76,2.85,3.11,17.5,1.46,2.66,.82,.25,3.87,3.55,2.16,1.97,1.33,.38,.32,.82,.13,.51,0,.19,.32,.32,.32,0,1.14,.44,.44,.19,.06,0,.76,1.2,3.68,5,4.88888888888889,3.55555555555556,4.125,3.4,.954174729006626,-.363780441038252,.133684688937085,1.00180177413486,-.0728680318585104
60,1,18,1,682,4.77,18.18,38.27,80.21,6.01,12.9,4.84,1.91,6.74,2.79,1.61,4.55,2.05,4.4,7.18,2.35,6.16,2.49,.29,.73,3.67,0,2.35,.59,6.45,.29,1.17,1.91,1.03,2.2,1.03,2.05,.44,1.17,.15,10.12,1.76,6.45,.15,0,1.17,2.93,4.55,18.18,.44,3.37,1.32,.29,2.2,5.87,3.67,1.76,.59,.29,1.17,.44,0,.44,0,0,.73,.29,.29,0,1.03,.59,.15,.29,0,0,1.91,.29,.73,4.5,3.55555555555556,3.33333333333333,3.75,4.5,.420254758150993,-.746461893451972,-.0159355328924147,.0798962879138263,-.332208825610071
61,1,18,1,1292,10.95,2.54,33.98,79.26,10.68,18.58,4.41,1.47,5.88,2.79,5.73,3.02,1.16,3.95,10.22,2.01,3.72,2.48,.7,.31,1.24,0,.62,.15,6.11,1.08,1.32,2.01,.31,3.48,.39,2.71,.85,1.39,.31,13.31,1.55,10.22,.31,0,.7,4.02,5.42,13.7,1.24,2.94,1.78,.46,5.8,4.41,1.55,1.32,.46,.15,.77,2.09,.23,1.55,.15,.15,.54,.7,.7,0,.77,.31,.39,0,.08,.15,.31,.77,1.55,3.625,2.88888888888889,3.88888888888889,3.25,3.3,-.44136627173067,.706871950609113,-1.01787028371487,1.2713382199173,-1.80636343793168
63,1,18,2,310,5.25,15.25,47.1,81.61,6.13,15.81,7.74,.32,8.06,1.94,2.26,3.23,4.19,6.45,7.1,4.19,3.55,2.9,.65,.32,.65,0,.32,0,4.19,.32,1.61,.65,0,1.29,.32,1.29,.65,.65,0,6.77,.65,4.52,0,0,1.29,2.9,3.55,12.26,0,4.19,1.61,.97,7.42,3.87,1.61,2.9,1.61,.32,.97,.97,.32,.32,.32,0,0,0,0,0,.65,.32,.32,0,0,0,.32,3.23,1.61,2.5,2.22222222222222,3.44444444444444,3.5,4.8,-1.97051334071851,.782745204049608,1.27416609648787,-.0241081541904798,.223729973585292
64,1,18,2,1249,7.76,19.88,31.31,79.1,7.61,17.05,8.01,.16,8.17,4.4,1.36,2.88,2.64,3.2,11.13,1.92,2.56,1.84,.24,.16,.64,.16,.48,.16,9.37,.96,2.16,2.64,.08,2.16,.64,3.6,1.12,2.24,.16,9.77,2.48,6.08,0,.32,.72,3.36,3.92,15.93,.88,3.36,1.28,.72,4.24,3.04,1.92,1.04,.64,.16,.16,.56,.32,.16,0,.08,.96,.08,0,.08,.96,.16,.24,.08,.64,0,.24,.8,1.6,3.125,4.11111111111111,3.33333333333333,3.5,3.4,-.761122365452248,.0517467748261285,.354647354108724,1.43495659972237,-.697431575543546
65,1,19,4,1150,4.91,18.8,34.61,81.48,8,16.7,5.83,.52,6.35,4.09,2.78,1.65,3.04,5.13,8.09,1.91,7.13,2.52,.35,.26,4.61,.26,3.65,.26,5.91,1.04,1.48,1.22,.17,2.26,.35,2.35,.52,1.04,.26,10.52,1.22,7.57,.09,.17,1.04,2.61,3.65,15.65,.61,2.43,1.3,.35,2.96,4.35,2.17,.96,.43,0,.43,.61,.26,.26,0,.09,.17,.52,.35,.17,2.61,.7,1.3,.7,.26,0,3.3,0,.87,4.375,3.66666666666667,3,3.25,4.3,.923122173593386,-.990874253040519,-1.16848240593852,.968306071362331,-1.24429682655917
66,1,18,1,1367,5.51,14.92,26.48,81.86,7.46,18.43,6.66,1.24,7.9,4.1,2.56,2.63,3.44,3.73,8.49,2.41,4.02,2.27,.22,.22,1.76,0,.29,.44,9.73,.8,2.19,3.73,.22,3.8,.88,2.41,.73,1.61,.07,11.34,2.49,8.05,0,.29,.37,3.29,3.29,17.41,.88,1.54,.73,0,2.63,5.05,1.61,2.12,1.02,.73,.8,.59,0,.15,.15,.22,.22,0,0,0,.29,.15,0,.22,0,0,0,.51,1.24,4.25,4.33333333333333,4.66666666666667,5,3.8,.435724802667949,.846332138588063,.635662010236666,.823313315898501,.38813000585007
73,1,19,2,456,11.4,5,44.3,83.11,12.94,17.76,8.33,1.32,9.65,1.54,1.97,3.29,1.54,4.61,11.84,6.36,1.54,.66,0,0,.88,0,.88,0,7.89,1.97,1.75,3.29,0,2.85,.44,.88,.22,.44,0,6.8,.44,4.82,.88,0,.44,1.97,3.29,14.04,.22,1.54,.22,0,5.26,4.61,3.07,5.04,4.17,1.1,.44,.66,.44,0,0,.22,1.1,0,0,0,1.32,0,.44,.88,0,0,1.1,.66,1.32,3.25,3.66666666666667,3.66666666666667,4,3.2,-.0318278779215016,-.34366841522522,-1.5793399927112,.43421611904751,.0943454729141454
76,1,18,1,901,5.81,10.32,35.96,79.8,11.76,13.76,4.55,0,4.55,3.88,3,3.11,4,5.33,9.1,1.66,2.77,2.11,0,.22,.67,0,.44,.11,8.32,1.66,2.44,2.11,.55,3.55,.55,2,1,.89,0,9.1,1.11,6.88,0,0,.44,3.33,4.11,13.21,.89,2.44,.67,.44,4,4.55,1.55,2,1.11,.55,.22,.67,.11,.55,0,0,.44,0,0,0,.22,.11,0,.11,0,0,.44,1.44,2.44,2,3.77777777777778,2,2.85714285714286,2.7,-1.22527054886153,1.25423642287317,1.635704881661,.544515401053673,.118958192584592
78,1,18,1,985,4.3,12.66,33.91,76.24,7.01,16.65,7.51,.71,8.22,2.34,2.34,1.62,3.55,3.15,8.53,1.62,4.97,3.05,0,0,1.93,0,1.32,.41,6.4,.61,1.32,2.23,.1,2.44,.71,1.62,.61,.71,.1,7.61,.91,5.58,.1,.2,.61,3.45,2.74,16.24,.61,2.64,1.12,.51,2.54,3.65,3.05,1.52,1.12,.2,.3,1.22,.1,.3,.1,.71,.2,1.12,1.12,0,1.22,.61,.41,.51,0,0,1.22,.61,.51,4.625,3.66666666666667,2.88888888888889,4.625,4.2,1.21596207469593,-.278617272375069,-1.78472371339648,1.15064963021955,-1.33674060200522
79,1,18,1,613,9.43,3.08,42.41,78.47,12.4,16.15,4.73,1.14,5.87,4.24,1.96,4.4,2.12,5.06,10.11,1.79,2.94,1.79,.33,.33,1.14,0,.33,.33,7.83,1.31,2.94,2.61,0,2.61,.33,.65,.16,.49,0,9.62,1.63,7.5,0,0,.33,3.1,3.75,17.29,.33,3.1,1.47,.33,4.24,5.55,.82,1.79,1.47,.33,.16,.49,.33,0,0,.16,.33,.16,.16,0,1.31,1.31,0,.16,0,0,.16,.65,1.47,1.5,3.33333333333333,3.77777777777778,2.5,4,-1.62899903935112,.723134513004632,.795774602890981,-.198912323078821,.668102789497999
80,1,19,1,1217,7.12,30.41,31.72,80.12,11.09,14.13,3.62,.49,4.11,4.85,1.31,2.38,4.11,3.7,7.89,2.55,3.53,2.79,.33,.25,.74,.08,.25,.16,7.81,.9,1.15,2.79,.25,3.86,.33,.9,.08,.41,.08,9.12,.66,6.82,0,0,1.31,3.04,3.2,15.45,.9,3.53,1.73,.25,4.27,5.18,1.81,1.81,.82,.74,.58,.41,.33,0,0,.08,.9,0,0,0,.9,.16,0,.58,.08,.16,.16,1.23,1.81,3.5,4.22222222222222,4,3.125,4.5,1.07409066215995,2.66249803329048,1.3918755251306,2.22289980853051,.977973876403751
81,1,21,1,557,8.57,12.31,34.65,83.66,8.44,15.62,7.18,.36,7.54,4.85,.72,3.59,2.87,3.23,11.13,3.77,2.33,1.26,0,.18,1.08,.18,.18,.18,7.54,.9,2.33,2.15,.36,5.39,1.44,2.51,.72,1.44,.36,8.08,1.8,5.92,0,0,.36,2.87,2.51,15.62,1.44,4.13,2.33,.54,5.39,4.49,1.97,2.15,.9,.54,.9,.18,.18,0,0,0,.36,0,0,0,.54,.18,.18,0,.36,0,.18,.72,4.49,4,4.55555555555556,4.11111111111111,4.875,4.3,-2.07372479480787,-.466552873933341,.226880272770052,-1.27821393460788,-.234560397996545
82,1,18,1,443,4.82,16.3,48.31,83.07,9.71,14.9,4.97,1.58,6.55,3.61,1.35,4.74,2.93,5.42,10.61,2.48,4.97,2.26,0,0,2.71,0,1.81,.68,7.67,.68,1.58,1.35,.45,2.93,.45,1.81,.68,.68,.23,9.03,1.13,6.77,0,.23,.45,3.84,2.03,16.93,3.16,5.64,1.81,0,2.93,6.77,2.48,1.13,.45,.23,.68,.68,0,.45,0,.23,.23,.68,.45,.23,1.58,.23,1.13,.23,0,0,1.58,1.13,1.13,1.875,3.77777777777778,2.44444444444444,3.25,3.9,-.18646866364233,-.45245945475351,-1.13848644168664,.271295034074606,.315492236956589
83,1,18,1,865,8.65,19,35.72,85.2,9.48,15.03,4.05,1.27,5.32,2.66,4.16,3.12,3.12,4.51,8.32,2.66,4.39,3.58,.35,.23,.81,.35,.69,.12,5.55,.69,1.39,1.39,.35,2.89,1.16,1.97,.69,.92,.35,10.4,1.16,8.21,0,0,.35,2.54,4.39,13.53,.46,4.28,1.5,.58,4.51,4.51,3.47,1.73,.92,.46,.46,1.97,0,.81,0,1.16,.35,.23,.23,0,.69,.23,.46,0,0,.12,.58,4.39,4.05,4.25,3.55555555555556,2.88888888888889,4.125,4.3,1.42353904512547,.258840958486321,.776412233203069,1.55179645170546,.66211099231082
85,1,18,1,997,5.42,8.15,33.1,79.84,8.63,16.45,5.42,.5,5.92,3.41,3.21,2.91,2.41,3.91,8.63,1.91,4.51,2.21,.1,.4,2.31,.3,1.71,0,7.72,.5,1.91,2.31,.3,3.51,1.4,2.81,.5,2.11,.1,11.43,2.61,7.52,.1,0,.8,3.51,4.51,12.84,1.1,2.71,1,.3,3.21,5.02,1.3,1,.6,0,.4,.9,.3,.3,0,.3,.2,.7,.5,.2,1.1,.3,.3,.5,.2,0,1.4,1.5,1.1,2.25,4.22222222222222,3.66666666666667,4.375,4.55555555555556,-.665824791227935,-.00485807756061319,-.0930035477685823,-.628641550032015,.522832032346896
86,1,19,4,1507,5.38,12.14,29.33,79.96,8.69,17.72,5.77,.93,6.7,5.91,2.06,3.72,2.52,3.78,8.03,2.65,3.25,1.13,.07,.2,2.12,.07,1.26,.07,7.17,1.13,2.06,2.06,.2,2.65,1.06,2.19,1.33,.46,.07,11.41,.6,9.29,.07,.07,1.13,3.58,4.45,15.39,1.26,3.85,1.39,.07,3.25,4.11,2.12,2.32,1.06,.66,.8,.73,.4,.13,.13,.07,.8,.86,.73,.13,1.33,.33,.2,.6,.13,.13,1.73,.4,1.13,3.625,4.22222222222222,4,4.5,4.6,1.30796810937447,.697984011331547,-.626195466988499,1.6118137415827,.85616660014721
88,1,19,2,872,7.58,20.87,35.67,83.14,8.83,17.43,5.39,1.38,6.77,3.1,3.9,2.87,1.83,3.78,9.52,2.41,3.67,1.61,0,.23,2.06,0,1.26,0,8.14,1.61,1.95,2.75,.23,4.01,.69,2.52,.57,1.38,.23,10.55,1.72,8.49,0,0,.11,4.47,3.44,15.71,1.49,2.29,1.03,0,3.44,4.01,1.72,1.95,1.03,.57,.69,1.72,.46,.92,0,.23,.57,.11,.11,0,1.72,.34,.46,.92,.11,0,1.15,.57,2.18,3.5,3.77777777777778,3,4,4.5,-1.21296055498287,-1.0646465896228,-.175831238961586,-.431790843839464,2.06847919104492
89,1,19,4,1395,4.54,14.66,25.16,81.43,6.74,16.63,6.31,1.79,8.1,2.15,2.08,2.44,4.73,4.59,6.95,1.79,5.02,2.58,.14,.43,2.44,.07,1.51,.36,6.38,.57,2.44,1.29,.36,2.15,.36,2.37,1,1,.22,9.46,1.65,6.24,0,.14,.93,2.44,2.37,16.27,2.58,3.08,1.43,0,3.58,3.8,2.87,1.29,.65,.36,.22,1.65,.72,.57,.14,.22,.29,.29,.29,0,1.08,.5,.43,.14,.07,0,1.65,.65,1.29,2.875,4.55555555555556,3.66666666666667,3.5,3.8,.484428088787031,.274759966670851,.68342199457092,-1.4048330743362,1.01797247248728
93,1,18,2,813,6.16,22.73,36.41,83.89,11.69,17.84,7.87,.98,8.86,3.2,.74,3.81,1.97,3.94,8.61,2.83,4.18,2.58,.12,.62,1.6,.12,.74,.12,7.87,1.23,2.83,1.85,.62,2.46,.62,2.71,1.72,.74,.25,6.52,.98,5.04,0,.12,.12,4.43,3.81,16.61,.74,2.83,1.72,0,4.43,6.4,2.34,2.83,2.21,.25,.37,.86,0,.12,.62,.12,.98,.25,.25,0,.62,.12,.37,0,.12,0,.62,1.72,2.09,1.875,3.22222222222222,3.77777777777778,3.125,3.9,-.545849731533051,-.498421343616711,.73036669910535,-.687593003508467,.287233730385446
94,1,19,2,672,5.21,18.6,39.58,78.42,11.9,13.24,3.57,0,3.57,2.83,3.12,2.98,2.98,3.72,5.8,3.27,3.72,2.38,.45,0,1.34,0,.89,.15,4.91,.89,1.04,1.64,0,3.87,1.49,1.04,.3,.6,.15,7.44,.6,6.1,0,0,.45,4.17,2.83,15.18,1.49,3.72,1.04,0,3.87,5.8,1.49,.45,.15,0,.3,.6,.15,.15,0,.3,.6,.3,.3,0,1.04,.45,.45,0,.15,0,.6,1.19,6.4,2.375,3.88888888888889,4.44444444444444,4.375,4,-.763551333934987,.670257566575839,1.46964911839471,.98786888882855,1.52203927111814
97,1,18,2,612,153,0,39.05,75.98,7.35,14.54,3.92,.65,4.58,3.76,2.78,4.58,3.27,3.76,7.84,2.61,5.23,2.12,.65,.16,3.1,0,2.45,0,8.33,1.8,1.47,1.14,.16,1.63,1.47,2.12,1.14,.82,0,11.11,1.63,7.52,0,.16,1.31,2.12,2.78,14.22,.65,4.08,.98,.49,2.45,3.76,2.29,.49,.16,.16,.16,1.47,.33,.65,0,.49,.98,.49,.33,.16,1.96,.82,.65,.82,.16,.16,2.61,.33,.65,2.75,3.11111111111111,2.66666666666667,3.125,3.7,.958613662465099,-1.47020175992945,-1.72919376714638,.723107479238567,-1.30148254552776
98,1,19,2,758,5.61,21.48,39.05,76.91,8.71,16.23,6.6,.26,6.86,3.43,2.37,3.3,2.37,5.01,8.18,2.24,3.17,1.98,.13,0,1.19,.13,1.06,0,7.26,1.19,1.58,1.72,.79,1.58,1.06,2.24,.4,1.58,.13,9.1,1.98,6.2,.26,.13,.4,1.45,3.17,15.44,.4,2.37,1.58,.26,3.83,4.22,1.32,2.11,1.06,.53,.4,1.72,.4,.13,.53,.66,.53,.66,.66,0,.66,.13,.26,.26,0,.13,.79,2.37,.92,4.25,4.33333333333333,2.88888888888889,3.875,3.2,.175397081303084,.189900960895614,.26627343169301,.0644752654542833,-.171732130933219
99,1,18,1,795,5,15.09,38.24,76.98,7.92,15.35,5.66,.88,6.54,3.65,2.39,2.89,3.14,3.14,7.67,3.65,4.4,1.51,.13,.13,2.89,.13,1.26,.5,6.79,.25,1.38,1.89,.63,2.52,.5,2.14,.88,.88,0,9.31,1.13,7.42,0,0,0,2.89,3.14,16.98,1.01,2.64,.63,.75,3.9,4.91,1.89,.75,.38,.13,.25,1.38,.5,.88,0,0,.75,.38,.38,0,.88,.38,.13,.38,0,.13,1.51,1.76,2.26,4,4.55555555555556,3.88888888888889,4.25,4.7,.424890114457893,-.530674458289865,-1.10875031501199,.690084616410265,-.490735408027181
101,1,20,5,722,4.08,16.38,36.98,80.61,8.03,16.2,5.96,.69,6.65,3.88,1.39,3.05,1.66,4.16,9.83,.83,5.4,2.08,.14,.42,3.32,.28,3.05,.14,5.96,.83,2.08,1.25,.14,2.63,2.08,2.22,.42,.83,.42,8.59,1.11,5.96,0,0,1.39,2.49,3.46,18.28,.28,5.12,2.77,.42,5.12,5.68,1.66,.69,0,.28,.55,.55,.28,.14,0,.14,.14,0,0,0,3.05,.83,1.39,.97,0,.42,2.77,.42,1.11,2.25,2.77777777777778,3.88888888888889,3.5,4.3,.110079477289187,-1.08178358843313,-2.23065458133456,.15229742668933,-.649663388009761
103,1,20,1,645,4.78,9.63,41.71,77.52,7.44,15.66,3.57,3.72,7.29,2.64,2.95,5.12,2.79,5.58,9.92,2.64,2.33,1.55,.16,.31,.78,0,.47,0,8.53,1.24,2.02,3.88,.16,2.64,.31,1.71,.31,1.09,.31,11.78,1.4,9.3,0,0,.62,1.4,3.26,14.88,1.86,2.64,1.24,.31,2.33,4.65,1.24,1.09,.31,.31,.31,.78,.31,0,.16,.31,.62,0,0,0,1.09,.93,0,.47,.16,.16,.16,.16,1.09,3.125,2.77777777777778,3.66666666666667,3.5,4,-.59214276638507,.395379909970832,1.25340818018639,.320582487747259,.972950145365881
106,1,18,1,908,4.05,10.71,36.67,77.09,8.37,16.19,6.72,.33,7.05,3.41,2.86,3.3,3.85,5.51,8.04,1.98,4.19,2.97,.11,.55,1.21,.22,.55,.11,7.49,.88,2.09,2.09,.33,2.75,.99,2.42,.88,1.21,.22,9.36,1.76,6.72,0,0,.66,2.31,4.85,13.11,.88,2.53,1.65,.55,3.74,4.85,1.65,1.32,1.1,.11,.11,.55,.22,.22,.11,0,.11,.11,0,.11,1.76,1.32,.66,.11,.33,0,.11,.55,1.76,4.75,4.66666666666667,2.88888888888889,4.25,4.9,.413120507143853,1.50337167252934,1.45771541929874,.6968281312487,1.04890883170148
109,1,21,1,415,7.41,21.43,42.41,87.23,7.23,17.11,6.27,.24,6.51,4.1,2.41,4.1,3.13,2.65,9.4,.24,3.13,2.17,0,0,.96,0,.48,0,10.36,.72,2.41,2.41,0,2.89,1.93,3.61,.96,2.65,0,12.05,2.89,6.99,.24,0,1.45,2.89,4.1,14.94,.96,2.89,.72,.72,3.61,5.06,1.45,2.65,1.93,.48,.72,.24,.24,0,0,0,0,.24,.24,0,.24,0,.24,0,0,0,.48,1.2,4.1,3.5,3.44444444444444,4,4.375,3.8,-1.0105415740415,-.376527487748358,.569297700288411,-.498099940028452,-.454186668863736
110,1,19,1,877,5.66,9.03,38.31,80.5,8.1,18.13,6.73,1.03,7.75,4.1,2.74,3.99,1.37,4.1,11.06,1.48,4.9,2.74,.68,.34,2.17,0,1.6,.11,6.39,.91,2.05,1.82,.34,2.74,1.37,2.39,.57,1.25,.57,11.06,1.94,8.44,.11,0,.34,1.71,4.33,16.42,1.25,4.33,2.17,.57,3.19,5.36,1.94,2.51,.91,.68,1.03,.68,.23,.46,0,0,.57,.68,.23,.46,1.71,.11,1.03,.57,0,.11,.91,.91,1.71,3.625,3,3.55555555555556,2.875,4.1,.578447267765724,-.617992852923059,.344388790000822,1.02077668979435,-.0945560470362135
4,2,20,5,424,84.8,100,37.74,91.98,6.84,23.11,9.43,.71,10.14,4.72,6.13,3.07,1.42,2.12,8.25,1.18,1.65,1.42,0,0,.24,.47,.24,0,6.84,1.42,1.18,1.89,.24,2.59,.71,6.37,0,5.9,.24,20.05,6.6,11.79,0,0,1.42,5.9,10.38,10.85,.47,3.3,2.12,.47,5.19,3.77,.47,.94,0,.71,.94,.71,.71,0,.24,0,.24,.24,.24,0,.94,.24,.47,.47,0,0,.24,.94,4.95,2.5,3.66666666666667,3.77777777777778,3.25,2.6,-1.83616770371336,-2.10823524368745,-1.08188769467779,-1.27855949972239,-1.40096609111481
8,2,20,1,1179,25.09,31.91,32.91,84.9,10.52,14.08,6.7,.93,7.63,1.7,2.37,2.88,1.44,5.34,9.08,.68,4.66,3.14,.76,.51,1.53,0,.68,.08,9.5,1.02,2.29,3.9,.34,2.97,1.44,1.78,.34,1.36,0,8.99,2.29,5.26,.42,.17,.59,2.71,3.73,14.93,1.27,1.61,.85,.34,5.34,5.94,1.44,1.53,.42,.68,.59,1.02,.68,.08,.25,.25,.51,.42,.25,.17,.85,.17,.51,.08,.17,0,.25,1.87,5.77,2.625,4.11111111111111,3.44444444444444,2,4,.422132417026772,1.38155356059947,1.84815231749936,1.07618134388526,2.63462145659101
19,2,20,1,1021,9.37,15.6,32.52,84.72,9.21,17.92,8.03,.88,8.91,2.06,2.64,3.62,2.35,3.82,8.42,1.86,4.7,2.55,.39,.98,2.15,.49,1.08,.39,8.03,.69,2.15,3.43,.2,3.04,.59,3.13,.78,2.06,.29,9.7,2.35,5.68,.39,.2,.69,2.84,5.88,14.2,1.37,2.15,.29,.49,5.19,6.27,1.67,.98,.2,.2,.78,.59,.2,.2,0,.2,.29,.2,.2,0,.88,.1,.59,.2,0,.1,.69,.1,2.94,4.375,4.22222222222222,3.11111111111111,3,3.6,.29297742678332,-.831698081853764,-.532941501156675,-.0340434788222013,.0230420058697903
21,2,20,1,645,7.33,27.27,38.76,83.26,8.84,18.6,8.22,.93,9.15,3.41,2.64,2.02,3.72,2.33,8.68,1.24,4.81,3.72,.47,.16,1.09,.16,.31,0,7.91,2.02,2.48,2.33,0,1.09,.31,3.1,1.09,1.55,.16,12.4,3.26,7.13,.31,0,.47,3.88,4.81,12.25,2.48,2.02,.93,.16,4.34,3.88,1.86,1.09,.93,.16,0,2.33,.93,.31,.62,.62,0,.16,.16,0,.93,0,.31,.62,.31,0,.16,.16,3.88,3.875,4.55555555555556,3.22222222222222,3.375,3.8,-.0402870523415343,-.0357480666499121,.0766084101501494,-.809183617274383,-1.27236254104374
22,2,19,1,1360,8.95,25,26.4,86.84,6.1,17.28,5.66,.59,6.25,4.49,3.82,2.35,4.93,3.09,10.74,2.06,4.56,3.24,.29,.22,1.32,.15,.96,0,7.5,.37,2.13,2.87,.15,2.5,1.69,1.69,.51,1.1,0,11.84,1.4,9.12,0,.07,.74,2.94,3.53,14.63,1.62,3.9,1.54,.44,4.71,3.24,2.65,.88,.29,.29,.44,.51,.44,0,0,.07,.59,.74,.59,.15,1.03,.37,.29,.15,.22,.22,.74,.29,3.01,4.375,3.44444444444444,2.22222222222222,3.5,4.5,.352410411359655,.916904295596601,.572017124962343,.875120860045527,1.62192912599175
25,2,18,1,1503,46.97,18.75,29.01,80.77,9.12,18.3,7.78,1.26,9.05,3.99,2.66,4.59,1.53,3.59,7.25,2.46,5.12,2.46,.27,.33,2.59,.13,1.06,.67,8.52,1.66,2.66,1.8,.13,2.66,1,2.4,.6,1,.33,10.78,1.33,8.12,.13,.53,.53,3.33,3.79,16.83,.8,2.33,1.46,.2,4.06,2.79,1.73,1.73,1.4,0,.33,.73,.33,0,.07,.33,.13,.33,.33,0,1.06,.27,.33,.4,.07,.13,.93,1,2.93,4.375,4.77777777777778,2.22222222222222,4.125,4.4,.547579602195761,-.754878700768009,-1.04386064364063,-.0812568561318723,-.190005971757664
26,2,18,1,1133,5.15,1.36,33.36,77.49,8.74,15.18,6.62,.79,7.41,2.03,2.29,2.38,4.59,3.88,8.74,1.85,3.44,1.85,.35,.26,1.59,.26,.53,.26,5.74,.26,1.77,1.5,.09,2.21,.88,1.32,.18,1.15,0,7.94,1.59,5.83,0,.09,.26,3.44,2.38,13.68,.71,3,1.59,.44,4.68,2.56,1.85,1.06,.88,.09,.09,1.32,.53,0,.53,.35,.18,.18,.18,0,.62,.35,.18,0,.18,.09,.44,2.65,2.12,4,4,3.88888888888889,4.5,4.1,.12926422358083,.148028838814556,.732305511577422,-.197922440231204,-.000309642947553589
27,2,17,1,1442,8.9,11.11,28.71,86.13,8.6,19.07,8.67,.62,9.29,2.77,3.95,3.54,1.66,2.64,8.6,2.08,3.05,1.66,.35,0,1.39,.35,.83,.14,7.35,1.25,1.66,2.36,.42,2.7,1.11,2.91,.76,1.8,.28,11.79,2.43,7.7,.35,.21,.97,2.84,5.27,13.25,1.04,2.57,.83,.21,4.37,4.3,1.46,1.73,1.18,.14,.42,.49,.35,.07,0,.07,.35,.28,.21,.07,.55,.14,.14,.35,0,.07,.07,.76,5.83,3.375,3.77777777777778,4.11111111111111,2.75,3.8,.714355010006125,-.298547580962741,-.411871314759313,-.242023200100957,-1.53101387029158
32,2,20,2,732,14.94,24.49,32.51,88.52,9.43,20.49,7.79,.27,8.06,3.14,6.15,3.14,3.96,3.28,7.24,.96,2.87,1.91,.68,.14,.96,.14,.27,0,8.47,1.64,2.05,2.6,.41,2.73,1.09,4.51,1.09,3.28,.14,15.85,4.23,9.84,.41,.55,.68,3.69,6.56,11.48,.68,2.73,.68,.41,5.74,5.19,2.32,.55,0,.27,.27,.41,.27,.14,0,0,.41,0,0,0,.14,0,.14,0,0,0,0,1.37,5.74,3.25,4.44444444444444,3.33333333333333,2.375,4.6,.025520617015282,.0283852379629424,-.0209726745456409,-1.04132385898097,-.654668007536559
33,2,18,1,890,6.54,13.24,31.35,85.39,9.78,17.42,6.4,1.01,7.42,3.26,3.71,3.71,2.58,2.92,8.09,5.17,3.71,2.58,.11,.22,1.01,.11,.11,.22,9.89,2.92,1.91,3.03,.11,2.13,.79,2.47,.22,1.69,.34,11.24,1.91,8.65,0,.11,.56,3.82,3.37,17.08,.79,.9,.45,0,4.38,4.94,2.81,1.91,.56,.22,1.24,.45,.45,0,0,0,.11,.11,.11,0,.67,.22,.11,.22,.22,0,0,.11,2.13,3.5,4.55555555555556,2,1.875,2,-.559511885485887,1.1825585029272,.623655709604199,-.954569989854993,-.0460727590280893
34,2,19,1,858,9.23,16.13,34.27,82.98,7.58,18.3,8.51,1.28,9.79,3.61,2.68,1.98,1.4,1.86,11.54,1.52,1.98,1.28,.35,.23,.7,.23,.23,.23,7.69,.82,2.33,3.26,.12,3.15,.12,2.68,.35,1.98,0,12,2.8,7.69,.47,.35,.12,4.66,5.01,14.22,1.28,3.26,1.05,.58,7.23,5.13,2.56,1.28,.7,.35,.23,1.28,.7,.47,0,0,0,.23,.23,0,1.98,1.05,.23,.58,.23,.23,.12,1.28,3.03,3.75,4.77777777777778,4.55555555555556,3.25,3.1,.489957188937023,.38552189348924,.455584600931127,-.437785120966196,-.674264389728936
36,2,18,1,1379,6.63,9.62,31.4,79.84,9.14,18.13,7.25,1.02,8.27,3.55,2.47,2.1,2.25,4.13,7.11,2.39,3.26,2.18,.36,.15,1.02,.22,.22,.15,8.12,1.67,2.18,2.61,.07,2.18,.73,1.96,.51,.94,.36,9.43,1.23,7.25,.22,.07,.36,3.34,3.26,13.85,1.89,2.97,1.23,.29,5,4.86,1.31,1.6,1.09,.22,.51,1.89,.29,.36,.29,.94,.15,.58,.44,.15,.73,.22,.29,.07,.15,0,.07,1.38,4.79,4.25,4,4.22222222222222,3.625,4.7,.659873260051708,-.0917720750968964,.0558659508581352,-1.49808877285453,-.34377706202844
37,2,18,4,2055,9.47,18.89,27.79,77.71,12.12,16.01,4.53,1.02,5.55,2.82,4.53,3.5,2.97,3.6,7.83,1.61,3.26,2.09,.19,.15,1.17,.19,.34,.15,7.2,1.22,2.14,2.48,.1,3.7,1.61,1.56,.83,.58,0,10.9,.68,8.42,.15,.78,.58,2.34,2.97,14.36,1.17,2.34,.97,.29,4.77,4.57,1.7,.97,.49,.19,.34,1.17,.49,.34,.15,.24,.1,.24,0,.24,.92,.44,.24,.15,.19,.19,.19,.49,5.06,2,3.33333333333333,4.33333333333333,3.75,3.2,.538278069647854,.365496260721549,.546425792466898,.667463435677679,.00857068938735911
38,2,18,1,2332,7.75,6.31,23.93,82.33,8.7,15.61,6.78,.81,7.59,1.59,3.09,1.8,2.27,4.42,8.88,1.42,3.22,2.23,.34,.34,.99,.13,.34,.13,7.76,.69,1.93,3,.13,3.82,1.24,2.62,.86,1.16,.43,8.36,1.59,5.62,.13,.34,.47,3.82,3.52,14.41,.86,3.09,1.93,.47,4.37,6.39,1.72,2.1,1.54,.34,.17,.81,.43,.13,.09,.17,.04,.04,.04,0,.9,.47,.09,.26,.13,.17,.13,1.07,3.04,5,4.33333333333333,4.55555555555556,3.25,4.9,.491256894734916,1.15190656107944,.817919808943762,-.189933043885828,.218369802343379
39,2,18,1,1185,5.95,6.53,31.31,79.83,7.59,16.79,8.02,1.43,9.45,1.35,2.19,2.62,3.04,4.73,8.95,1.6,1.86,1.52,.25,.25,.34,.17,.25,0,6.84,1.43,1.94,2.45,.08,2.95,.84,2.53,.76,1.01,.34,7.51,1.35,5.06,.25,.08,.59,3.63,4.3,14.94,.84,3.63,2.03,.51,4.56,4.22,1.18,1.86,.93,.34,.68,.76,.68,0,.08,0,.17,.42,.34,.08,1.01,.51,.17,.42,.08,0,.08,.59,4.47,4.125,4.44444444444444,4.55555555555556,4,4.7,-2.05832517115248,.0927646526297725,-.30071446006809,-1.11123394989884,-.633783392608273
40,2,19,1,1100,9.82,6.25,30.55,84.73,9.09,20.73,7.27,1.73,9,5.09,3.64,3.45,2.91,2.73,9.45,.82,4.18,2.91,.36,.18,1.27,0,.45,.36,8.36,1.36,2,3.18,.73,1.82,.91,2.45,.73,1.45,.18,13.82,2.09,10.45,0,.27,.91,3.18,4.09,16.55,1.18,3,1.18,.27,4.82,5.27,1.45,2.18,.91,.64,.73,.55,.36,0,.09,.18,.36,.18,.18,0,.45,.27,.09,.09,.09,0,.18,.64,5,4.125,4.66666666666667,4.55555555555556,3.5,3.5,.70278021009337,-1.11707547701429,-.237849625023182,-2.85348315152856,-.16660095204676
43,2,18,1,1139,14.99,27.63,28.97,81.47,9.39,15.72,5.97,.26,6.23,3.07,.97,3.51,2.63,3.6,9.75,2.9,2.72,2.46,.18,.18,.26,.09,.09,0,8.08,1.32,2.11,2.37,.26,1.76,.7,1.84,.53,1.23,0,7.29,1.93,4.3,.26,0,.53,2.63,2.37,15.1,1.14,1.84,.97,.26,4.92,3.95,1.76,2.11,1.58,.44,.18,1.49,.26,0,0,1.23,.79,0,0,0,.97,.53,0,.44,.18,.26,0,2.37,5.27,3.875,4.22222222222222,3.44444444444444,2.75,3.9,-.967200716848129,1.48491209029686,1.05857622542252,-.672438497720817,.50176869370763
44,2,19,1,1670,5.53,9.27,29.52,81.38,6.89,18.62,7.66,.72,8.38,3.47,2.81,2.69,2.69,3.89,8.62,.96,4.25,3.17,.78,.12,1.08,0,.3,.12,7.72,.78,2.1,2.75,.3,2.51,.96,2.28,.72,1.14,.06,9.88,1.68,7.25,.12,0,.66,2.51,5.81,14.43,.9,2.51,.84,.18,5.45,4.73,1.98,1.32,.48,.12,.72,1.32,.48,.3,.18,.36,.12,.24,.18,.06,1.38,.36,.6,.42,0,.06,.12,.78,2.57,3.875,3.88888888888889,4.77777777777778,5,4.2,1.06239145000322,.757891226371929,1.12465203145686,1.26243643935367,1.14429301969225
46,2,19,4,1053,4.72,17.04,34.66,83.57,8.17,18.14,7.5,1.23,8.74,3.89,2.18,2.85,1.99,3.42,9.31,2.09,3.04,1.8,.38,0,1.23,.28,.19,.09,6.08,.47,1.99,1.61,.19,1.42,.95,3.7,1.52,1.61,.28,11.02,2.37,7.5,0,.09,.95,6.08,4.08,16.33,1.8,3.7,1.71,.47,5.51,3.8,1.8,2.28,1.8,.47,.09,.66,.28,.09,.09,.19,.09,.47,.47,0,1.04,.38,.19,.57,0,0,.09,0,2.75,4.875,4.55555555555556,3.77777777777778,2.625,4.6,.251421552797705,1.03393597994852,1.27543913296511,.633153962511279,.655944600559132
48,2,18,4,1323,5.68,18.88,32.35,79.82,9.75,17.31,6.58,1.36,7.94,4.01,1.89,3.78,1.51,2.95,8.01,2.49,4.54,3.17,.38,.38,1.36,.23,.6,.3,8.69,1.66,2.27,1.89,.6,2.65,.68,2.65,1.51,.83,.3,10.43,1.21,7.48,.08,0,1.21,2.57,3.4,17.38,1.06,2.34,.91,.08,4.31,3.93,2.27,.68,.23,.15,.38,.53,.45,.08,0,0,.15,.23,.15,.08,.83,.53,.08,.15,.38,0,.08,.45,2.42,4.875,3.66666666666667,2.77777777777778,4.125,4.6,.670187013935751,-.12992392865384,-.171927636658105,-.0138475287774836,-.130497602126266
49,2,19,1,1607,5.58,12.15,34.97,76.73,13.07,13.19,4.54,1.37,5.91,2.12,2.18,3.48,2.24,4.67,8.28,1.99,4.04,2.99,.37,.44,1.06,.12,.37,.19,7.59,1.37,2.3,1.74,.37,2.68,.62,3.8,.93,1.49,.75,9.21,1.62,5.91,.25,.12,.5,4.11,2.43,14.19,1.56,2.86,1.43,.37,5.72,4.29,1.62,1.49,.87,.06,.62,.87,.37,.12,.06,.31,.19,.31,.31,0,1.8,.87,.12,.44,.44,0,.12,.12,1.24,4.25,3.77777777777778,3.77777777777778,3.625,4,1.54547807685889,.38230383407403,.657415927335702,-.912174966596952,-.0837840361202283
53,2,18,5,402,5.15,15.38,49,82.09,10.2,18.41,9.7,.25,9.95,2.24,1.74,3.48,1.74,2.99,9.7,.75,3.23,1.99,.5,.25,1.24,0,.75,0,6.47,.25,1.74,2.49,0,3.98,1,2.99,1.49,1.49,0,7.21,1.74,4.48,0,.5,.25,3.73,3.98,17.16,1.99,3.98,1.24,.5,3.98,3.98,1.99,1,.75,.25,.25,1,1,0,0,0,.25,1,.75,.25,1.24,.75,.25,0,.5,.25,1,0,4.73,3.625,4.33333333333333,4.22222222222222,1.125,3.9,.634207311016846,-.0829720752141769,-.778868607594508,-1.25281544602297,.687305167419275
54,2,20,1,881,5.76,15.69,38.59,83.54,10.78,15.32,5.68,.68,6.36,2.84,3.18,2.38,2.5,4.65,12.15,1.25,4.31,2.95,.45,.45,1.36,.57,.45,.11,9.31,1.59,2.61,2.72,.11,3.18,1.14,2.04,1.02,.79,.23,9.42,1.36,6.81,.11,.68,.11,3.41,4.2,15.1,.45,3.06,1.14,.11,5.56,5.45,2.27,3.18,1.48,.79,.91,.57,.45,0,.23,0,.57,.11,0,.11,.45,0,0,.23,.11,.11,0,.68,.91,2.75,4.33333333333333,4.66666666666667,2.625,4.5,-.252077694493934,2.24078553834387,1.86762661302387,-.245694364818888,3.23333299500141
55,2,18,1,136,3.49,12.82,55.15,85.29,5.88,22.06,7.35,0,7.35,5.88,4.41,1.47,8.09,.74,5.15,.74,1.47,.74,0,0,.74,.74,0,0,3.68,0,1.47,.74,0,2.94,1.47,5.15,0,5.15,0,15.44,5.15,10.29,0,0,0,2.94,9.56,12.5,2.21,1.47,.74,0,3.68,1.47,3.68,1.47,1.47,0,0,.74,.74,0,0,0,0,0,0,0,1.47,1.47,0,0,0,0,0,1.47,5.15,1.625,4.55555555555556,3,3.25,3.6,-2.39543338344422,.234468639111864,.604016614600756,.445354899186243,-.906449604310716
56,2,18,1,168,4.54,27.03,59.52,81.55,7.14,17.86,4.17,2.38,6.55,4.76,4.17,1.19,2.98,3.57,13.1,.6,2.38,.6,0,0,1.79,.6,.6,0,7.74,1.19,1.79,.6,1.19,2.98,.6,2.38,1.19,1.19,0,14.29,1.79,11.31,0,0,1.19,4.17,6.55,13.1,1.19,2.98,.6,1.79,3.57,2.98,3.57,1.79,1.19,.6,0,1.79,0,.6,1.19,0,.6,1.19,.6,.6,0,0,0,0,0,0,.6,0,1.19,3.875,3.66666666666667,3.55555555555556,2.75,2.9,-1.61731744193939,.0926448061249936,-.490621048495766,-.41189437044629,.0814019841729136
58,2,18,2,427,9.49,0,43.09,87.12,7.26,19.44,11.01,.7,11.71,2.34,2.81,4.22,3.75,1.64,7.96,1.41,3.75,2.34,.23,0,1.41,0,.47,0,8.43,1.41,1.87,3.75,.23,2.11,1.41,2.11,.47,1.41,.23,10.3,2.34,6.32,.47,.23,.7,2.81,7.03,13.82,.94,2.34,.94,.7,6.32,5.15,3.04,.94,.94,0,0,.47,0,.23,.23,0,.94,.23,.23,0,.47,.23,.23,0,0,.23,.23,.23,4.45,4.875,4.11111111111111,4.11111111111111,4,3.7,-.847263754629349,-.740344958380639,-.721609439432595,-.673799064654611,.120887745546938
62,2,19,1,1679,8.88,16.93,25.61,84.57,8.4,18.7,7.44,.66,8.1,2.5,5.18,3.04,1.49,3.57,8.16,1.07,2.62,1.13,.36,0,1.43,.06,.36,.12,7.98,1.55,2.2,2.2,.06,3.39,1.01,2.56,1.07,1.37,.12,11.14,1.91,8.46,0,.42,.24,3.51,6.73,12.27,.6,2.5,1.43,.24,5.96,3.57,1.67,1.13,.83,.24,.06,.89,.48,.36,.06,0,.06,.3,.18,.12,.71,.18,.12,.12,.54,.12,.48,.71,4.59,3.75,4.88888888888889,3.66666666666667,4,2.9,1.28580393322761,-.178157214361618,-.30517965096717,-.168518503985077,-.872875005191064
67,2,18,5,627,6.53,4.17,35.25,82.78,6.06,21.69,10.21,1.28,11.48,4.31,1.28,3.67,2.39,1.91,7.81,.48,4.31,3.03,.32,0,1.28,.16,.32,0,8.13,1.59,3.35,1.59,.16,3.83,.64,2.55,.32,1.59,.16,9.57,2.23,7.02,0,0,.32,2.87,6.38,17.54,1.44,2.23,.96,.48,2.55,4.31,1.59,.96,.48,0,.48,1.44,.48,.16,.16,.64,.16,.16,.16,0,1.28,.48,0,.96,.48,0,.16,.32,4.94,2.375,3.11111111111111,3,1.625,3.2,.0504906182721968,.651954541731775,.325201074939522,.441073952243694,.236940408990605
68,2,19,1,1020,7.13,21.68,28.92,87.35,9.02,19.71,7.35,1.37,8.73,3.14,4.41,4.02,.88,5,8.63,1.47,2.16,1.47,.2,.29,.69,.1,.2,.29,7.35,1.18,1.57,2.75,.1,2.55,.39,2.35,.29,1.67,.29,12.55,2.16,9.02,.1,.29,.59,1.96,3.73,16.76,1.67,2.84,.69,.1,5.1,3.92,4.51,2.16,1.67,.29,.2,.88,.88,0,0,0,.39,0,0,0,.78,.39,0,.2,0,.2,.1,.1,3.82,3.28571428571429,4,4.11111111111111,2.75,3.4,-.696334502574815,-.453731444808977,-.191348010194498,-.141085922449061,-.562259385183415
69,2,18,4,1531,8.19,6.42,28.15,79.03,7.97,17.44,8.1,.72,8.82,2.94,2.74,2.29,4.51,2.81,9.86,1.89,5.03,3.46,.33,.13,1.5,.26,.59,.13,6.99,1.11,1.83,2.48,.46,2.61,.65,2.02,.13,1.57,.33,9.34,1.76,6.53,.07,.26,.59,3.27,3.2,15.09,1.31,1.83,.78,.07,3,3.59,2.02,1.7,1.05,.39,.52,.78,.72,0,.07,0,.07,.26,.07,.2,.91,.72,.13,.07,.07,.07,.2,1.18,3.66,3,4.55555555555556,3.33333333333333,2.25,3.1,.132087046405101,.56994687047654,.341542594428724,-1.54485522568421,.798907054592467
70,2,19,1,1098,8.13,8.15,32.7,81.06,9.74,16.21,9.11,.64,9.74,1.91,1.09,2.19,1.46,4.55,9.84,1.55,4.1,3.1,.46,.73,1,0,.27,.09,8.47,1.09,2.64,2.55,.18,2.82,1,1.37,.73,.46,.09,5.37,.64,3.83,.09,.18,.55,3.73,2.28,14.57,1.09,1.82,.91,.18,5.01,4.1,1.82,2.37,1.37,.36,1,.55,.27,.09,0,.18,.27,1.28,.73,.55,.91,.55,.18,.36,0,0,.09,.64,3.28,4.125,3.44444444444444,2.88888888888889,2.875,3.7,.846141143211829,-.738584032775497,.436827104295577,-1.45693926773568,1.03896840196847
71,2,19,1,1643,9.39,6.86,28.79,82.59,9.98,18.56,6.51,1.64,8.16,2.74,4.26,3.1,1.77,4.26,8.4,1.4,3.77,2.43,.49,.12,1.34,0,.3,.24,7.12,1.28,1.7,2.31,.24,2.62,.97,1.83,.73,.91,.18,12.54,1.46,9.01,.06,1.1,.73,3.23,5.42,15.64,.85,2.43,1.34,.3,7.49,3.53,1.64,2.56,1.77,.3,.61,1.16,.67,.06,.06,.43,.67,.37,.37,0,.43,.18,.06,.18,0,0,.18,.43,1.34,3.5,3.55555555555556,3.22222222222222,2.875,2.8,.420007265157152,.82047137357099,.959180756052689,-1.37764748407751,1.89938568375154
72,2,18,1,918,5.77,8.18,31.26,80.94,7.63,17.65,7.95,.65,8.61,4.03,2.94,5.23,3.59,3.27,8.06,1.53,4.47,2.94,.44,0,1.53,.11,.54,.11,7.95,1.85,2.61,1.96,.33,1.42,1.2,4.36,.33,3.7,.22,13.07,4.25,8.06,.11,.11,.22,5.12,3.92,17.21,.65,1.96,1.31,0,1.96,3.38,1.63,.76,.22,.44,.22,.76,.65,0,0,.11,.33,.33,.33,0,.65,0,.44,.22,0,0,.54,1.09,1.96,4.125,3.11111111111111,3.11111111111111,1.875,3.1,.695199622283276,-1.6361840187104,-.812839779543329,-3.21066611710746,-.854389081723662
74,2,19,4,729,5.65,10.08,34.57,82.85,8.09,17.7,7.68,.55,8.23,2.88,3.43,2.47,2.74,4.12,7.41,1.23,3.29,1.92,.14,.14,1.37,.27,.82,0,7.96,.55,2.06,2.61,.14,3.98,.96,.96,.41,.55,.14,10.01,1.65,7.13,.14,.27,.41,2.88,2.06,14.54,1.65,1.92,.55,.55,3.7,5.08,1.23,1.23,.82,.27,.27,.96,.55,0,.27,.14,.41,.27,.27,0,.82,.14,.41,0,0,.41,.55,.82,4.94,4.375,4.22222222222222,3,4.75,3.9,.824404721203333,1.23523496774514,.474489553165145,.38762931224204,-.359903174023802
75,2,20,1,564,5.04,10.71,38.48,86.52,7.8,16.84,8.51,.18,8.69,3.01,2.3,3.72,6.03,2.13,6.74,1.06,4.79,3.01,.35,0,1.77,.18,.89,.18,12.06,1.77,4.08,3.55,0,3.55,1.06,3.37,1.24,1.6,.35,10.46,2.13,5.85,.35,0,1.77,3.72,3.01,18.44,1.24,1.42,.18,.18,3.01,4.61,1.95,2.3,1.95,.35,0,.53,0,.35,0,.18,.18,0,0,0,.71,0,.35,.18,.18,0,.89,.89,1.95,3.875,3.77777777777778,3.44444444444444,3.125,3.9,-.999315629757397,1.52412426118113,.969957168259699,.498660284760144,.708148194241962
77,2,18,1,817,6.98,11.97,34.88,81.03,8.81,17.87,8.32,1.22,9.55,3.3,2.94,1.84,2.33,2.69,8.32,.49,4.53,2.94,.12,.24,1.35,.24,.24,0,7.22,1.35,1.84,1.96,0,2.45,.37,3.55,.86,2.45,0,12.24,3.43,7.71,.24,.12,.73,3.18,4.16,13.83,1.47,1.59,.24,.49,4.53,3.79,1.96,.86,.49,.12,.37,.12,0,0,.12,0,.12,0,0,0,.49,.24,.12,.24,0,0,0,1.35,4.9,4.125,3.55555555555556,3.88888888888889,1.625,4.4,.120868308571981,-.722602918629995,.130370645990774,-1.59583031171122,-.708710561398055
84,2,22,1,419,5.05,19.28,51.79,78.04,11.22,15.51,5.25,1.19,6.44,4.3,1.19,2.63,6.68,4.3,8.59,1.91,5.01,4.3,.72,.24,.72,0,0,.72,7.16,.95,2.15,1.43,0,1.43,.72,2.15,.48,1.43,.24,10.02,1.67,6.92,0,0,.95,3.34,5.01,14.08,1.19,3.82,1.91,.48,4.3,2.86,1.67,.48,.48,0,0,.95,.24,0,.24,.48,.48,.72,.48,.24,1.19,.72,.24,0,.48,.24,0,.24,1.19,3.125,3.88888888888889,3.55555555555556,3.375,4.5,-.814643316910187,1.76037790341776,-.214596160828299,.244367076014386,-.969329376294419
87,2,18,2,755,13.25,31.58,39.07,83.05,10.07,19.6,8.74,1.32,10.07,2.91,2.52,3.05,1.46,2.38,9.4,.66,4.9,2.12,.53,.26,2.78,0,1.59,.53,6.36,1.06,1.59,1.99,.66,2.12,.79,1.85,.26,1.32,0,9.54,1.46,6.75,.13,.66,.4,3.58,6.36,12.72,.66,3.97,1.72,.66,5.43,3.58,.79,.66,.4,.13,.13,.13,0,0,0,.13,.26,.26,.26,0,2.12,1.19,.66,.26,0,.26,1.85,1.32,3.84,4,2.55555555555556,2.55555555555556,2,4.4,1.02323029718847,-2.48931651993542,-.602418574933126,-1.87552379850124,-1.05015750660443
90,2,18,2,1521,9.94,26.8,26.36,86.85,8.48,20.18,9.34,1.05,10.39,4.21,2.7,2.83,2.37,2.63,8.35,2.24,5.06,3.81,.66,.13,1.25,.13,.66,.26,8.42,1.84,1.64,2.43,.33,2.83,.99,3.09,.72,2.1,.2,12.03,2.37,8.09,.33,.33,.59,2.89,4.27,16.44,.92,2.37,1.12,.2,3.16,3.55,2.3,2.17,1.38,.13,.59,.53,.2,.07,0,.26,.07,.26,.2,.07,1.05,.53,.2,.2,.2,.2,.33,2.43,2.17,4.375,4.66666666666667,3.44444444444444,4,4,1.64656909362062,.284369309185815,.637844886922917,.148754278837942,.146322921181428
91,2,18,2,999,6.28,29.56,35.34,82.88,8.11,17.72,6.01,.4,6.41,3.8,4.2,2.6,1.5,5.51,8.11,2.7,2.8,1.5,.2,.1,1.3,.4,.9,0,6.61,1.3,1.1,1.5,.1,2.2,.8,1.4,.3,.7,.2,11.61,.8,8.41,.3,.4,1.4,3.5,6.41,12.21,1.2,3.1,1.4,.2,4.9,4.2,1.9,3,1.9,.9,.5,.7,.2,.5,.1,0,1.2,.2,.1,.1,1.4,.8,.3,.4,.3,.1,.3,.7,2.7,4.375,3.33333333333333,2.88888888888889,3,3.4,.955760716115469,-.995973373234487,-1.72008131985765,.0357347361251151,-1.99978740378894
92,2,18,1,587,5.7,15.53,38.33,78.71,9.71,17.04,4.26,.51,4.77,3.92,5.45,2.04,2.04,4.09,9.71,1.87,3.58,2.39,0,.17,1.02,0,.17,0,7.16,.34,2.9,1.7,0,3.07,.68,1.36,.51,.85,0,11.58,1.02,9.88,0,0,.17,1.7,3.41,13.8,.51,1.53,1.19,0,4.6,3.75,3.07,1.19,1.19,0,0,1.87,.34,.51,0,1.02,.17,.17,.17,0,.34,0,.17,0,.34,0,.17,1.19,3.92,2.75,3.66666666666667,3.33333333333333,3.5,3.8,-.145802269135133,.562096671653224,-.35685300752757,.183594014418336,-.485792383057883
95,2,20,1,235,12.37,36.84,59.15,79.15,4.68,20,8.94,.85,9.79,6.38,.85,2.13,2.13,3.83,11.06,1.7,2.55,1.7,0,0,.85,0,.43,0,5.96,1.28,.43,3.4,0,2.55,0,.85,0,.43,0,8.94,.43,8.09,0,.43,0,3.4,2.55,17.87,1.28,2.98,1.28,.43,4.26,2.55,1.28,1.7,1.28,0,.43,.43,.43,0,0,0,0,0,0,0,2.13,.43,.43,1.28,0,0,.43,1.28,1.28,3.625,4.22222222222222,1.33333333333333,3.5,3.9,-.252046487111305,-.577799692057983,-1.04439405815674,-1.5331995523364,-.329773656191532
96,2,18,4,128,128,0,60.94,75.78,12.5,14.84,7.81,0,7.81,1.56,1.56,2.34,3.12,5.47,10.16,0,6.25,5.47,.78,.78,.78,.78,0,.78,5.47,3.12,.78,1.56,0,2.34,1.56,0,0,0,0,3.91,0,3.12,0,0,0,6.25,9.38,5.47,2.34,1.56,0,0,7.03,6.25,.78,.78,0,.78,0,0,0,0,0,0,0,0,0,0,.78,.78,0,0,0,0,0,0,.78,2.125,3,3.88888888888889,2.5,3.3,-1.30901659597508,-.46767349386862,.215832861566731,-.575160589110948,-.247618597146353
102,2,18,1,1052,6.12,13.37,34.13,84.89,8.94,18.73,9.51,.86,10.36,3.61,2.38,2.85,2.19,3.61,8.84,3.99,3.42,2.66,.29,.29,.76,0,.38,0,8.08,1.71,2.19,2,.1,2.09,.67,3.71,.38,2.95,.19,11.98,3.61,6.94,0,.57,.76,4.09,4.75,15.78,1.62,2.47,1.81,.1,3.99,3.61,2.76,1.9,1.05,.1,.76,.76,.38,.19,0,.1,.29,.76,.67,.1,.76,.1,.29,.38,0,0,.38,0,1.33,5,4.77777777777778,3.88888888888889,4.75,4.8,.454548827125468,.674822207105659,.298279007955007,-.506711868604011,-.877861299449314
105,2,18,1,1069,534.5,0,32.18,85.59,9.64,20.86,8.61,.65,9.26,4.02,4.4,4.58,2.53,2.71,8.7,.84,5.24,2.99,.56,.09,2.25,.19,.94,.19,8.61,1.87,2.99,1.68,.28,2.81,1.03,3.74,1.87,1.68,.19,13.1,2.71,9.17,.28,.47,.28,2.34,6.17,15.53,1.03,2.06,1.5,.37,5.33,4.4,1.96,1.4,1.03,0,.37,.65,.19,0,.19,.28,.09,.56,.47,.09,1.22,.75,.37,0,0,.09,.19,.37,3.65,4.625,4.11111111111111,3.33333333333333,3.625,3.8,1.27658792735117,.291017226279182,.594703480583674,-.00736036757449077,-.400721173907716
107,2,19,1,307,3.3,6.45,50.16,83.71,9.77,17.92,6.51,1.63,8.14,1.95,2.93,4.89,6.84,5.21,8.47,3.91,5.54,4.23,.33,0,1.3,0,0,0,4.56,1.3,.98,.98,0,2.61,1.63,1.3,0,1.3,0,11.07,2.28,7.17,.33,0,1.3,1.63,4.23,13.03,0,2.61,2.28,.65,3.58,2.93,.33,1.3,.65,.98,0,.98,0,0,0,.98,.98,0,0,0,.98,.65,.33,0,0,.65,0,.33,1.95,2.875,4.33333333333333,4.44444444444444,1.375,4.2,-1.72994866475426,.0882886806305354,.615734818136215,-1.27997879582971,-.194269763560976
108,2,18,1,467,4.17,20.54,46.25,81.58,11.78,14.99,7.92,.43,8.35,3.21,.43,3.85,3.21,6.21,8.99,2.57,3.64,.86,.21,0,2.78,0,.64,.43,7.07,.43,1.71,2.14,0,2.78,1.5,1.5,1.28,0,0,6.42,.64,4.28,0,0,.64,4.5,4.5,14.56,.64,2.57,1.71,0,3.43,2.36,1.28,2.57,1.71,.21,.43,1.28,1.07,0,.43,0,0,0,0,0,2.14,.43,.43,.43,.64,.21,.21,.43,2.14,4.625,4.88888888888889,2.88888888888889,1.125,4.5,-.591712368176178,.33639924725479,.497323170900502,-1.1709061155318,.222383257453338
